category,priority,sentiment,department,summary,suggested_response,customer_email
Billing,High,Frustrated,Finance,The customer reported a duplicate $29 charge for their monthly subscription and is requesting an immediate refund.,"Dear Customer, we sincerely apologize for the double charge on your account. I have forwarded your request to our finance department to process the $29 refund immediately. You should see the credit reflected on your statement within 3-5 business days.",your_email@gmail.com
Technical,Urgent,Frustrated,Engineering,"Customer is reporting persistent 500 Internal Server Errors on POST requests to the batch endpoint, causing a production outage.",We sincerely apologize for the disruption to your production environment. Our engineering team has been alerted to the 500 errors on the batch endpoint and is investigating this as a critical priority. We will provide an update as soon as we have more information.,your_email@gmail.com
Sales,High,Neutral,Sales Support,Customer is requesting an upgrade from a 5-seat plan to an Enterprise custom plan for 50+ users and requires bulk pricing details.,"Thank you for reaching out about upgrading your account! We are excited to help scale your team to an Enterprise plan. I have forwarded your request to our Sales team, and an Enterprise Account Executive will contact you shortly to discuss custom bulk pricing options for your 50+ users.",your_email@gmail.com
General,Low,Positive,Customer Care,The customer is inquiring about the availability of a dark mode feature in the dashboard and expressed their appreciation for the product.,"Hello! We are so glad to hear you are enjoying the product. Regarding your question, we do not currently have a dark mode setting available in the dashboard, but it is a feature we are considering for future updates. I will pass your request along to our design team!",your_email@gmail.com
Technical,Urgent,Frustrated,Engineering,"The customer's entire database cluster is offline, causing a total outage for customer logins and requiring immediate escalation to engineering.",We have received your report regarding the database cluster outage and login failures. This has been escalated to our Level 3 Engineering team as a top-priority incident. We will provide you with updates every 15 minutes until the service is restored.,your_email@gmail.com
Billing,High,Frustrated,Finance,The customer reported a duplicate charge on invoice #1042 and requested an update to their company VAT number for future billing.,"Hello, thank you for bringing this to our attention. I sincerely apologize for the duplicate charge on invoice #1042; I have escalated this to our Finance team to process a refund for the overcharge immediately. Additionally, please provide the correct VAT number, and we will update your account profile to ensure all future receipts are accurate.",your_email@gmail.com
General,Low,Positive,Engineering,The customer is requesting a built-in dark theme toggle for the workflow builder's main menu.,Hi there! We are so glad to hear you're enjoying the workflow builder. Thank you for the great suggestion regarding a dark theme toggle; I have shared this with our engineering and design teams for future consideration. We appreciate your feedback!,your_email@gmail.com
Sales,High,Positive,Sales Support,The customer is inquiring about a large-scale deployment for 200+ employees and has requested a SOC 2 report and a meeting.,Thank you for your interest in our platform. We would be happy to provide our SOC 2 compliance documentation and schedule a call to discuss your deployment requirements further. A member of our sales team will reach out to you shortly to coordinate.,your_email@gmail.com
Billing,High,Frustrated,Finance,The customer is frustrated with software bugs and has requested an immediate subscription cancellation and removal of payment details.,"Dear Customer, we sincerely apologize for the frustration caused by the bugs in our latest update. Per your request, we are processing the cancellation of your subscription and the removal of your payment details immediately. We value your feedback and would appreciate any specific details about the issues you encountered so we can improve.",your_email@gmail.com
Technical,Low,Neutral,Customer Care,The customer is seeking instructions on how to update their account password.,"Hello, thank you for reaching out. To change your password, please log in to your account, navigate to 'Settings' or 'Profile,' and select the 'Security' tab. From there, you will find an option to update your password. Let us know if you have any other questions!",your_email@gmail.com
Technical,Medium,Neutral,Customer Care,The customer is asking for instructions on how to change their account password.,"Hello! You can change your password by navigating to the Settings menu, selecting 'Security', and clicking on 'Change Password'. Please let us know if you need further assistance.",your_email@gmail.com
Technical,Low,Neutral,Customer Care,The customer is seeking instructions on how to change their account password.,"Hello, thank you for reaching out. To change your password, please log into your account, navigate to 'Settings' > 'Security', and select the 'Change Password' option. If you need further assistance, please let us know.",your_email@gmail.com
Technical,Low,Neutral,Customer Care,The customer is requesting instructions on how to change their account password.,"Hello! To change your password, please log in to your account, go to 'Settings', and select the 'Security' tab. From there, click 'Change Password' and follow the instructions. Let us know if you need further assistance!",your_email@gmail.com