Name,Email,Degree,Skills,Experience,Availability,Decision
Alice Smith,alice.smith@gmail.com,B.S. Computer Science,Python; SQL,3 Years,Immediate,
Bob Jones,bob.jones@gmail.com,M.S. Data Science,R; Machine Learning,5 Years,2 Weeks,
Charlie Brown,charlie.b@gmail.com,B.A. Business,Project Management; Agile,2 Years,1 Month,
Diana Prince,diana.p@gmail.com,B.S. Engineering,CAD; AutoCAD,4 Years,Immediate,
Evan Wright,evan.wright@gmail.com,M.B.A.,Strategy; Leadership,7 Years,2 Weeks,
Fiona Gallagher,fiona.g@gmail.com,B.S. Nursing,BLS; ACLS,1 Year,Immediate,
George Martin,george.m@gmail.com,Ph.D. Physics,Research; Data Analysis,6 Years,1 Month,
Hannah Abbott,hannah.a@gmail.com,B.A. Communications,Public Relations; Writing,2 Years,Immediate,
Ian Malcolm,ian.m@gmail.com,M.S. Mathematics,Modeling; Statistics,8 Years,2 Weeks,
